iter	Logloss
0	0.5752997073
1	0.5198486595
2	0.4837145725
3	0.4560523323
4	0.4261756169
5	0.4117439616
6	0.4021004442
7	0.3813199331
8	0.3660521602
9	0.355648117
10	0.3488261114
11	0.3434323396
12	0.3332618819
13	0.3288808564
14	0.3215647884
15	0.3127598744
16	0.3060073487
17	0.2990453541
18	0.2916722673
19	0.2860280575
